Name,Years active,Proven victims,Notes
"Ables, Tony",1970-1990,4,"Murdered robbery victim in 1970, and at least three women until 1990 in St. Petersburg, Florida"
"Ackroyd, John Arthur",1976-1992,1,Suspected in multiple murders along Oregon's Highway 20
"Adams, Edward J.",1920-1921,7,"Criminal who murdered seven people, including three policemen"
"Alcala, Rodney",1971-1979,8,"Sometimes called ""The Dating Game Killer"" because of his 1978 appearance on the television show The Dating Game in the midst of his murder spree"
"Allen, Howard",1974-1987,3,Preyed on the elderly in Indiana
"Allen, Quincy",2002,4,Murdered four people in North and South Carolina between July–August 2002
"Anderson, Stephen Wayne",1973-1980,9,"Murdered nine people in Utah, Nevada, and California"
"Angelo, Richard",1987,4,Long Island nurse who poisoned patients in his care
"Archerd, William Dale",1947-1966,3,First person convicted of using insulin as a murder weapon
"Archer-Gilligan, Amy",1910-1917,10,"Poisoned a husband and residents of her nursing home in Windsor, Connecticut"
"Armstrong, John Eric",1992-1999,5,Navy sailor convicted for murdering prostitutes in Michigan and Illinois; confessed to more murders around the world
"Atkins, Benjamin",1991-1992,11,"Known as ""The Woodward Corridor Killer""; operated in Detroit."
"Avila-Torrez, Jorge",2005-2009,3,Murdered two underage girls in 2005 in Illinois and a 20-year-old Navy Petty Officer in Virginia in 2009
"Balaam, Anthony",1994-1996,4,"Known as ""The Trenton Strangler""; raped and murdered four women in Trenton, New Jersey"
"Ball, Joe",1936-1938,2,"Known as ""The Alligator Man"""
"Barber, Danny",1977-1979,4,"Murdered four people in Dallas County, Texas between 1977 and 1979"
"Barfield, Velma",1971-1978,1,Barfield was the first woman in the United States to be executed after the 1976 resumption of capital punishment and the first since 1962. She was also the first woman to be executed by lethal injection.
"Barnabet, Clementine",1911,35,An axe murdering voodoo priestess who murdered African-American families at nighttime.
"Barone, Cesar",1991-1993,4,Killed four women around the Portland area
"Baumeister, Herb",1980-1996,11,"Responsible for murdering at least 11 victims who were found buried on his property in Westfield, Indiana"
"Baxter, Patrick",1987-1990,3,"Raped and murdered one girl and two women in Westchester County, New York"
"Beck, Martha",1947-1949,3,"Along with accomplice Raymond Fernandez, became known as ""The Lonely Hearts Killers"""
Bender Family,1869-1872,11,"Family of serial killers who lived and operated in Labette County, Kansas"
"Berdella, Robert",1984-1987,6,"Known as ""The Kansas City Butcher"" and ""The Collector"""
"Berkowitz, David",1976-1977,6,"Known as ""The Son of Sam"""
"Bianchi, Kenneth",1977-1978,12,"Along with accomplice Angelo Buono Jr., known as ""The Hillside Stranglers"". Murdered young women in Los Angeles and Washington"
"Biegenwald, Richard",1958-1983,6,"Active in New Jersey, suspected in at least two other murders"
"Bird, Jake",1930-1947,2,Sentenced to death for the murders of two people; confessed to 44 other murders
"Bishop, Arthur Gary",1979-1983,5,Preyed on young boys in Utah between 1979 and 1983
"Bittaker, Lawrence",1979,5,"With accomplice Roy Norris known as ""The Tool Box Killers"""
"Bittrolff, John",1993,2,Suspect in Long Island serial killer case
"Bladel, Rudy",1963-1978,3,"Known as ""The Railway Killer""; his case was part of Michigan v. Jackson, which was later overruled by the Supreme Court"
"Blair, Terry",1982-2004,7,"Sentenced 25 years imprisonment for one murder, released on parole after serving 21 years and committed additional murders upon release"
"Bolin, Oscar Ray",1986-1987,4,Murdered three women in Florida and a fourth woman in Texas
"Bonin, William",1979-1980,21,"Known as ""The Freeway Killer""; preyed on young men and boys in southern California with several accomplices"
"Bounds, Dallen",1999,4,Murdered acquaintances around South Carolina
"Bowles, Gary Ray",1994,6,"Targeted gay men in Florida, Georgia and Maryland"
"Bradford, William",1984,2,Suspected of more murders due to his modus operandi of taking photographs of his victims
"Brandt, Charlie",1971-2004,3,"Shot his parents in 1971 when he was 13, killing his pregnant mother; stabbed his wife and niece to death in 2004"
"Brashers, Robert Eugene",1990-1998,3,"Known as ""Mister Maroon"""
"Bright, Larry",2003-2004,8,"Known as ""The Bonecrusher""; strangled black prostitutes at his house in Peoria, burning some of them afterwards"
"Britt, Eugene",1995,7,"Raped and murdered girls and women in Gary and Portage, Indiana"
Briley Brothers,1979,11,Three brothers and an accomplice responsible for 11 murders
"Brockelhurst, Lester",1937,3,"Known as ""The Crime Tourist""; together with Bernice Felton, killed at least three men in holdups in three states"
"Brown, Debra Denise",1984,8,Accomplice of Alton Coleman
"Brown, Kenyel",2019-2020,6,"Known as ""The Metro Detroit Serial Killer"""
"Browne, Robert Charles",1970-1995,2,Missionary convicted for two murders; confessed to murdering 49 women
"Brudos, Jerry",1968-1969,4,"Known as ""The Lust Killer"" and ""The Shoe Fetish Slayer"""
"Buell, Robert Anthony",1981-1983,2,Serial rapist who murdered children in Ohio
"Buenoano, Judy",1971-1983,3,Caught in 1983 after poisoning and car bombing a fiancée
"Bullock, David",1981-1982,6,"Known as ""The .38 Caliber Killer""; shot people at random around New York City to ""amuse himself"""
"Bunday, Thomas",1979-1981,5,"Never arrested, as he was released after interrogation on a technicality"
"Bundy, Carol M.",1980,7,"With accomplice Doug Clark, known as ""The Sunset Strip Killers"""""
"Bundy, Ted",1971-1978,28,Preyed on young women throughout the United States
"Buono Jr., Angelo",1977-1978,9,"Along with accomplice Kenneth Bianchi, known as ""The Hillside Stranglers"". Murdered young women in Los Angeles"
"Butler, Eugene",1900-1906,6,Crimes discovered two years after his death
"Cannon, Patty",1802-1829,4,Gang leader who kidnapped slaves and free blacks to either sell or torture them
"Caputo, Ricardo",1971-1977,4,Argentine-born man who killed three women in the U.S. and one in Mexico
"Carignan, Harvey",1949-1974,2,"Known as ""The Want-Ad Killer""; escaped hanging for a 1949 killing on a technicality"
"Carpenter, David",1979-1981,7,"Known as ""The Trailside Killer"""
"Carr, Thomas D.",1860s-1869,1,"First legal execution in Belmont County, Ohio"
"Carson, Michael Bear",1981-1983,3,"Along with his wife, Suzan Carson, dubbed ""The San Francisco Witch Killers""; considered suspects in nearly a dozen other deaths in the U.S. and Europe.[69]"
"Carson, Suzan",1981-1983,3,"Along with her husband, Michael Bear Carson, dubbed ""The San Francisco Witch Killers""; considered suspects in nearly a dozen other deaths in the U.S. and Europe.[69]"
"Catlin, Steven David",1976-1984,3,Poisoned his mother and two wives with Paraquat
"Chandler, Oba",1989-1990,4,Murdered a three-person family and another woman in Florida; suspected of other murders since 1963
"Chase, Richard",1977-1978,6,"Known as ""The Vampire of Sacramento"""
"Christiansen, Thor Nis",1976-1979,4,Preyed on college-aged women in California
"Christopher, Joseph",1980-1981,12,"Known as ""The Midtown Slasher"""
"Clarey, Richard",1984,3,Neo-Nazi sympathiser who shot three men in robberies in two Michigan counties; confessed to numerous other murders
"Clark, Doug",1980,7,"With accomplice Carol M. Bundy, known as ""The Sunset Strip Killers"""
"Clark, Hadden",1986-1992,2,Cannibal convicted of two murders; confessed to killing 12
"Clark, Roland E.",1967,2,Doctor who poisoned his assistants
"Clement, Mary",1880-1885,4,Luxembourgish immigrant who poisoned her family members with arsenic; released in 1886
"Cline, Alfred Leonard",1930-1945,9,Murdered his wives with poisoned buttermilk after persuading them to will their possessions to his name
"Coffman, Cynthia",1986,4,Kidnapped four women by ATMs before accomplice strangled them
"Cole, Carroll",1947-1980,16,"Strangled fifteen women and one boy in California, Nevada and Texas"
"Coleman, Alton",1984,8,"Multi-state killer who along with his accomplice murdered a man and injured another, murdered four women and three young girls, and raped a young girl"
"Colvin, Dellmus",1987-2005,7,Truck driver who killed prostitutes in New Jersey and Ohio
"Conde, Rory Enrique",1994-1995,6,"Known as ""The Tamiami Trail Strangler"""
"Cook, Anthony",1973-1981,9,Committed crimes with his brother Nathaniel Cook
"Cook, Nathaniel",1973-1981,9,Committed crimes with his brother Anthony Cook
"Cooks, Jessie Lee",1973-1974,15,"Part of ""The Death Angels"" cult responsible for the Zebra murders"
"Copeland, Faye",1986-1989,5,"Along with her husband, Ray Copeland, the oldest couple ever sentenced to death in the United States"
"Copeland, Ray",1986-1989,5,"Along with his wife, Faye Copeland, the oldest couple ever sentenced to death in the United States"
"Corll, Dean",1970-1973,28,"Crimes referred to as ""The Houston Mass Murders"""
"Corona, Juan",1971,25,Majority of victims had been transient workers
"Corwin, Daniel Lee",1987,3,Abducted and killed three women around Texas
"Costa, Tony",1968-1969,4,"Preyed on women in and around Truro, Massachusetts"
"Cottingham, Richard",1967-1980,9,"Known variously as ""The Butcher of Times Square"", ""The Torso Killer"", ""The New York (City) Ripper"", and ""The Times Square Torso Ripper"""
"Cowan, Mary",1884-1894,6,"Known as ""The Borgia of Maine"". Poisoned two husbands and four children"
"Cox, Frederick Pete",1997,3,"Murdered prostitutes in Orlando, Florida"
"Cox, Scott William",1980s-1990,2,"Suspected in various murders across Oregon, Washington and possibly Canada"
"Craine, Louis",1984-1987,4,"Responsible for at least two of ""The Southside Slayer"" murders in South Los Angeles"
"Crawford, Andre",1993-1999,11,Chicago transient who preyed on prostitutes and the destitute
"Creighton, Mary Frances",1920-1935,1,"Poisoned her lover's wife; suspected of poisoning her mother in-law, father in-law, and younger brother"
"Cullen, Charles",1988-2003,10,A nurse in New Jersey and Pennsylvania
"Cunanan, Andrew",1997,5,Italian fashion designer Gianni Versace was among his victims
"Curry, James Richard",1982-1983,4,"One victim was Mary Silvani, whose identity was not discovered for 37 years"
"Dahmer, Jeffrey",1978-1991,17,Milwaukee cannibal who retained various body parts of his victims
"DeAngelo, Joseph James",1979-1986,13,"Known as ""The Golden State Killer"", ""The Visalia Ransacker"", ""The East Area Rapist"", and ""The Original Night Stalker""; murdered three people in Sacramento and 10 people in Southern California from 1975 through 1986; also linked to more than 50 rapes in the Sacramento area from 1976 to 1979"
"DeBardeleben, Mike",1965-1983,0,"Known as ""The Mall Passer""; convicted rapist and counterfeiter who kidnapped, raped, and tortured numerous women. Although never convicted of murder, Debardeleben is suspected to be behind the killings of at least eight women"
"Dieteman, Samuel",2005-2006,8,Accomplice Dale Hausner committed suicide in prison
"Dillon, Thomas",1989-1992,5,Shot men at random in southeastern Ohio
"Dodd, Westley Allan",1989,3,"Convicted sex offender who sexually assaulted and murdered three young boys in Vancouver, Washington in 1989"
"Dominique, Ronald",1997-2006,23,Raped and murdered male victims in Louisiana
"Doss, Nannie",1927-1954,8,"Known as ""The Giggling Granny"" and ""The Jolly Black Widow""; serial poisoner killed four husbands, two children, her two sisters, her mother, a grandson, and a mother-in-law"
"Dowler, David",1983-1987,3,"Poisoned three acquaintances in Odessa, Texas"
"Dugan, Brian",1983-1985,3,"Serial rapist active in and around Chicago, Illinois"
"Duncan III, Joseph E.",1996-2005,5,Raped at least 17 young boys and three young girls
"Durousseau, Paul",1997-2003,7,"Murdered seven women in the Southeastern United States, included two who were pregnant; German authorities suspect Durousseau may have killed several local women when he was stationed there with the Army during the early 1990s"
"Eaton, Dale Wayne","1988, 2001 (known)  c. 1983-1996 (suspected)",2,"Eaton is also suspected of being behind the killings known as ""The Great Basin Murders"""
"Edwards, Andrew David",1987-1992,4,Murdered transients in alcohol-induced rages
"Edwards, Edward",1977-1996,5,Sentenced to death for shooting his foster son in 1996 insurance murder
"Edwards, Mack Ray",1953-1970,3,"Preyed on children in Los Angeles County, California"
"Ellis, Walter E.",1986-2007,7,"Known as ""The Milwaukee North Side Strangler"""
"Erskine, Scott",1989-1993,3,Raped and murdered two young boys in California and a woman in Florida
"Espinosa, Felipe",1863,32,Murdered various people across the Colorado Territory
"Evans, Donald Leroy",1985-1991,3,Suspected of another dozen murders but recanted his confessions to over 70 more
"Evans, Franklin B.",1850-1872,2,"Known as ""The Northwood Murderer""; vagrant who murdered at least two young girls in New Hampshire, and possibly more in Maine and Massachusetts"
"Evans, Gary",1985-1997,5,"Leader of a ring of jewelry and antique thieves who operated in and around Capital District, New York"
"Evonitz, Richard",1996-1997,3,"Kidnapped, raped and murdered three girls in Spotsylvania County, Virginia and abducted and assaulted a 15-year-old girl in Richland County, South Carolina"
"Eyler, Larry",1982-1984,21,"Known as ""The Interstate Killer"""
"Falling, Christine",1980-1982,6,Epileptic who strangled infants because of voices in her head
"Falls, Neal",1992-2015,0,Suspected of killing up to 10 women before being killed in self defense.
"Fautenberry, John",1990-1991,5,"Befriended, murdered and robbed people across four states"
"Fayne, Lorenzo",1989-1993,6,Raped and murdered a woman and five children in Wisconsin and Illinois
"Feigenbaum, Carl",1888-1894,1,"German sailor who murdered his landlord in 1894; allegedly responsible for murders in other countries, also a suspect in the Jack the Ripper case"
"Fernandez, Raymond",1947-1949,3,"Along with accomplice Martha Beck, became known as ""The Lonely Hearts Killers"""
"Fish, Albert",1924-1932,3,"Known as ""The Werewolf of Wysteria""; sadist and pedophile who cannibalized several children."
"Fisher, Lavinia",?-1819?,0,Along with her husband John was a member of a highway gang; allegedly killed travelers visiting her inn
"Ford, Wayne Adam",1997-1998,4,Killed and mutilated four women in California
"Fowler, Bobby Jack",1973-1996,1,"Convicted of one murder, suspected of up to 20 more"
"Francois, Kendall",1996-1998,8,"Known as ""The Poughkeepsie Killer"""
"Franklin, Joseph Paul",1977-1980,11,Also attempted to assassinate Larry Flynt and Vernon Jordan
"Franklin Jr., Lonnie David",1985-2007,10,"Known as ""The Grim Sleeper""; charged after DNA evidence linked him with ten murders in Los Angeles since 1985"
"Gacy, John Wayne",1972-1978,33,"Known as ""The Killer Clown"""
"Gallego, Gerald",1978-1980,10,Accomplice Charlene Gallego released 1997
"Gargiulo, Michael",1993-2008,3,"Known as ""The Hollywood Ripper"""""
"Gary, Carlton",1970-1978,7,"Known as ""The Stocking Strangler"""
"Gaskins, Donald Henry",1953-1982,9,Convicted of nine murders; claimed to an author to have killed more than 100
"Gaynor, Alfred",1995-1998,9,"Raped and strangled drug-addicted women in Springfield, Massachusetts"
"Gecht, Robin",1981-1982,18,"Member of the satanic cult and organized crime group known as ""The Ripper Crew"" or ""The Chicago Rippers"""
"Gein, Ed",1954-1957,2,"Known as ""The Plainfield Ghoul""; Gein's life and crimes have inspired, at least in part, the novels/films, Psycho and The Silence of the Lambs, and the 1974 movie, The Texas Chain Saw Massacre."
"Geralds, Hubert",1994-1995,5,"Known as ""The Englewood Strangler"""
"Gibbs, Janie Lou",1966-1967,5,"Killed her three sons, a grandson, and her husband, by arsenic poisoning"
"Gibson, Mose",1908-1920,3,Guilt has been questioned
"Gibson, William Clyde",2002-2012,3,Sexually assaulted and murdered women across Indiana
"Gifford, Bertha",1900-1928,3,Found not guilty by reason of insanity
"Gilbert, Kristen",1989-1996,4,"Induced cardiac arrest in patients and would then respond to the coded emergency, often resuscitating the patients herself"
"Giles, Bernard",1973,5,"Abducted, raped and murdered female hitchhikers in orange groves near Titusville, Florida"
"Gillis, Sean Vincent",1994-2004,8,"Stalked, kidnapped, raped, murdered, and mutilated Louisiana women"
"Gilyard, Lorenzo",1977-1993,12,"Known as ""The Kansas City Strangler"""
"Glatman, Harvey",1957-1958,3,"Known as ""The Lonely Hearts Killer""; lured women to pose for ""bondage photographs"""
"Glaze, Billy",1986-1987,3,Guilt has come into question by the discovery of DNA evidence excluding Glaze and implicating another man
"Gohl, Billy",1902-1910,2,"Union official linked with the disappearances of over 40 sailors in Aberdeen, Washington in the early 20th century"
"Gore, David Alan",1981-1983,6,"One of the pair known as ""The Killing Cousins"""
"Goudeau, Mark",2005-2006,9,"Known as ""The Baseline Killer"""
"Graham, Gwendolyn",1987,5,Accomplice of Cathy Wood
"Graham, Harrison",1986-1987,7,Murdered seven women in Philadelphia
"Grant, Gary",1969-1971,4,"Killed three children and a young woman in Renton, Washington"
"Grate, Shawn",2006-2016,5,Murdered women in rural Ohio
"Gray, Dana Sue",1994,3,"Preyed on elderly women, murdering three; caught after a fourth intended victim survived and identified her"
"Gray, Marvin",1971-1992,3,Most dangerous prisoner in Colorado until his death; confessed to the murders of 41 people across eight different states
"Gray, Ronald",1986-1987,4,Soldier who raped and murdered women near Fort Bragg
"Green, Larry",1973-1974,15,"Part of ""The Death Angels"" cult responsible for the Zebra murders"
"Green, Ricky Lee",1985-1986,4,Bisexual drifter; his wife helped in two of the murders
"Green, Samuel",1817-1821,2,"Known as ""The Terror of New England"""
"Greenwood, Vaughn",1964-1975,11,"Known as ""The Skid Row Slasher"""
"Groves, Vincent",1978-1988,7,Raped and strangled prostitutes in Denver and the surrounding areas
"Gunness, Belle",1900-1908,25,Norwegian-born murder-for-profit killer who killed her suitors and children
"Hahn, Anna Marie",1933-1937,5,German-born murder-for-profit killer who poisoned five elderly men
"Halbower, Rodney",1976,2,Suspect in the Gypsy Hill killings
"Halliday, Lizzie",1890s,4,First woman sentenced to be executed by the electric chair
"Hance, William Henry",1977-1978,4,"Known as ""The Forces of Evil"""
"Hansen, Robert",1971-1983,17,"Known as ""The Butcher Baker"""
Harpe Brothers,1797-1804,39,Brothers or cousins; America's first known serial killers
"Harris, DeWayne Lee",1997-1998,3,"Known as ""The Seattle Jungle Killer""; strangled prostitutes in Seattle, dumping their bodies in an area known as 'The Jungle'"
"Harvey, Donald",1970-1987,37,"Known as ""The Angel of Death"""
"Hatcher, Charles Ray",1969-1982,2,"Convicted of two child murders in 1978 and 1982, also stabbed to death a fellow inmate and another man 20 years apart"
"Hausner, Dale",2006,8,Convicted of killing people in random drive-by shootings
"Hayward, Harry T.",1894,1,"Known as ""The Minneapolis Svengali"""
"Hazzard, Linda",1908-1911,1,Served two years
"Heirens, William",1945-1946,3,"Known as ""The Lipstick Killer""; Illinois teenager convicted of the murder of three Chicago women in the 1940s"
"Helm, Boone",1850-1864,11,"Known as ""The Kentucky Cannibal"""
"Henley, Elmer Wayne",1970-1973,6,"Crimes referred to as ""The Houston Mass Murders"""
"Hermann, Francis",1890-1896,2,"Known as ""The Priestly Butcher""; English-born pastor who murdered female church-goers, ex-wives and two of his children"
"Herzog, Loren",1984-1999,3,"Along with accompliace Wesley Shermantine known as ""The Speed Freak Killers"""
"Hickey, J. Frank",1883-1911,3,"Known as ""The Postcard Killer"""
"Hill, Ivan",1979-1994,9,"Known as ""The 60 Freeway Killer""; responsible for at least one of the Southside Slayer murders"
"Hilley, Audrey Marie",1975-1980,1,"Poisoned her husband; suspected of poisoning her mother, mother-in-law and a child she was looking after"
"Hoch, Johann Otto",1890-1905,1,"Known as ""The Stockyard Bluebeard"""
"Hohenberger, Robert",1978,0,"Former California police deputy linked to the kidnap-murders of teenagers in Morgan City, Louisiana"
"Holmes, H. H.",1891-1894,9,"Convicted of only one murder, but definitively tied to at least eight more; confessed to a total of 27"
"Howell, William Devin",2003,7,Convicted of killing seven people in 2003; believed to be the most prolific serial killer in Connecticut history
"Hoyt, Waneta",1965-1971,5,Exonerated under New York law because she died before her appeal
"Hughes, Michael",1986-1993,7,Responsible for at least one of the Southside Slayer murders
"Hunter, Richard Louis",1986,4,Raped and strangled elderly women in Atlanta
"Irvin, Leslie",1954-1955,6,His Supreme Court case set a precedent for fair trials of highly publicized defendants
"Jablonski, Phillip Carl",1978-1991,5,Murdered women in California and Utah
"Jackson, Calvin",1973-1974,9,"Murdered and robbed women in Manhattan's East Side, abusing their corpses post-mortem"
"Jackson, Charles",1975-1982,8,Responsible for at least eight of the East Bay Slayer murders
"Jennings, Wilbur Lee",1981-1984,6,"Known as ""The Ditchbank Killer""; raped and murdered women in Fresno and Sacramento County, California, dumping their bodies in ditches afterwards"
"Jesperson, Keith Hunter",1990-1995,8,"Known as ""The Happy Face Killer"""
"Johnson, John",1843-?,0,"Known as ""Liver-Eating Johnson""; mountain man who allegedly ate the livers of Crows he'd slain"
"Johnson, Martha Ann",1977-1982,3,Georgia woman convicted of smothering to death three of her children between 1977 and 1982
"Johnson, Matthew Steven",2000-2001,3,Preyed on disenfranchised young women in Connecticut
"Johnson, Milton",1983-1984,10,Victims included two deputy sheriffs
"Johnson, Vincent",1999-2000,5,"Known as ""The Brooklyn Strangler"""
"Jones, Genene",1977-1982,2,"Texas pediatric nurse who poisoned infants in her care; was due to be released March 2018; however, prosecutors charged her with two additional murders"
"Jones, Jack Harold",1983-1995,3,Murdered at least three women in Florida and Arkansas; a serial rapist was wrongfully convicted for one murder
"Jones, Syd",1900s-1914,13,Drifter who admitted to a dozen murders committed across the USA
"Joubert, John",1982-1983,3,"Known as ""The Nebraska Boy Snatcher"""
"Junco, Francisco del",1995-1996,4,Cuban immigrant who murdered and then burned the bodies of prostitutes in Miami
"Kadamovas, Jurijus",2001-2002,5,Murdered five people in California with accomplice Iouri Mikhel.
"Kallinger, Joseph",1974-1975,3,Committed these crimes with his 15-year-old son Michael
"Kearney, Patrick",1965-1977,21,"Known as ""The Trash Bag Killer"""
"Keith, Leroy",1934-1956,3,Shot three men during holdups in Ohio and New York
"Kelley, John William",1986-1988,3,Convicted rapist who killed a young hitchhiker and a married couple in rural California
Kelly Family,1887,11,Family of serial killers who killed and robbed wealthy travellers in No Man's Land
"Kemper, Edmund",1964-1973,10,"Known as ""The Co-Ed Killer""; murdered his grandparents at age 15; released at age 21, he then murdered seven young women, as well as his mother, in California"
"Keyes, Israel",1990s-2012,3,Three confirmed victims; linked to 11 victims in four states
"Kibbe, Roger",1977-1987,7,"Known as ""The I-5 Strangler"""
"Kimball, Scott Lee",2003-2004,4,FBI Informant; proposed as a suspect in the West Mesa murders
"Kimes, Sante",1996-1998,2,"Criminal who's responsible for numerous crimes committed with her son, Kenneth Jr."
"Kinne, Sharon",1962-1964,3,Her arrest warrant is one the longest outstanding in American history
"Kirkland, Anthony",1987-2009,5,Preyed on young women in the Cincinnati area
"Klimek, Tillie",1914-1921,5,Polish-born Chicago poisoner
"Knapp, Alfred",1894-1902,5,"Known as ""The Hamilton Strangler"""
"Knight, Thomas",1974-1980,4,Murdered four people between 1974 and 1980
"Knorr, Theresa",1984-1985,2,"Her sons, William and Robert Jr., were accomplices"
"Knotek, Michelle",1994-2003,2,Tortured and abused boarders in her home with her husband
"Knowles, Paul John",1974,18,"Known as ""The Casanova Killer"""
"Kohlhepp, Todd",2003-2016,7,"Responsible for several murders in South Carolina, including the ""Superbike Murders"""
"Kokoraleis, Andrew",1981-1982,18,"Member of the satanic cult and organized crime group known as ""The Ripper Crew"" or ""The Chicago Rippers"""
"Kokoraleis, Thomas",1981-1982,18,"Member of the satanic cult and organized crime group known as ""The Ripper Crew"" or ""The Chicago Rippers"""
"Kondro, Joseph",1985-1996,2,"Known as ""The Longview Serial Killer""; kidnapped, sexually assaulted and murdered underage girls across Washington State"
"Kraft, Randy",1971-1983,16,"Known as ""The Scorecard Killer"""
"Krajcir, Timothy",1977-1982,9,Confessed to killing five women in Missouri and four others in Illinois and Pennsylvania
"Kudzinowski, Peter",1924-1928,3,Imprisoned for the murder of a friend. Murdered two children following his release.
"Kunnecke, William",1898-1903,1,Escaped from prison in 1919
"LaBarre, Sheila",2004-2006,2,Claimed she was an angel sent by God to punish pedophiles
"Lake, Leonard",1983-1985,11,"Along with accomplice Charles Ng, they are also known as ""The Operation Miranda Killers"""
"LaLaurie, Delphine",1834,?,Tortured and maimed her slaves
"Lane, Adam Leroy",2007,2,"Known as ""The Highway Killer"""
"Lassor, Raymond",1984,3,First criminal to be successfully prosecuted under the 1984 Rhode Island 'Life Without Parole Statute'
"Laudenberg, Adolph",1972-1975,4,"Known as ""The Santa Strangler"""
"Lee, Derrick Todd",1992-2003,7,"Known as ""The Baton Rouge Serial Killer""; convicted of two murders; linked by DNA evidence to five others"
"Lewingdon, Gary",1977-1978,10,"Together with brother Thaddeus Lewingdon, known as ""The .22 Caliber Killers"""
"Lewingdon, Thaddeus",1977-1978,9,"Together with brother Gary Lewingdon, known as ""The .22 Caliber Killers"""
"Lindahl, Bruce",1974-1981,2,Posthumously connected to various rape-murders in Chicago and surrounding area
"Lipscomb, Nathaniel",1958-1959,3,"Known as ""The Dawn Strangler""; beat, raped and strangled three women in Baltimore"
"Little, Jerry",1985-1988,4,"Raped and strangled women in St. Louis, Missouri"
"Little, Samuel",1970-2005,61,"Known as ""The Choke-and-Stroke Killer""; transient who allegedly killed 93 women in 14 states"
"Lockett, Will",1912-1920,4,Guilt has been questioned
"Lockhart, Michael Lee",1987-1988,4,Received death sentences in three states; executed by the state of Texas
"Long, Bobby Joe",1984,10,"Known as ""The Classified Ad Rapist"""
"Longley, Bill",1869-1878,32,Gunfighter who killed unarmed slaves and Mexicans
"Lucas, Henry Lee",1960-1983,3,"Convicted of 11 murders, confessed to approximately 3,000 murders, although most of his confessions are considered outlandish"
"Madison, Michael",2012-2013,3,"Preyed on women in East Cleveland, Ohio"
"Majors, Orville Lynn",1993-1995,6,"Licensed practical nurse who was convicted of murdering his patients in Clinton, Indiana"
"Malvo, Lee Boyd",2002,7,"With accomplice John Allen Muhammad, perpetrated the D.C. sniper attacks"
"Mansfield, Billy",1975-1980,5,"Murdered women and girls in Florida and California, burying most of them in the family home in Weeki Wachee"
"Marquette, Richard Laurence",1956-1975,3,First 11th person named on the FBI's 10 Most Wanted List
"Martin, James David",1989-2005,3,"Strangled three across three states, including his wife"
"Martin, Lee Roy",1967-1968,4,"Known as ""The Gaffney Strangler"""
"Martin, Rhonda Belle",1926-1951,1,Alabama woman who poisoned family members
"Mason, David",1980-1982,5,Killed four elderly neighbours in 1980 and his cellmate in 1982 while imprisoned on lesser charges; suspected of shooting dead his boyfriend
"Mason, Samuel",1797-1803,20,River pirate associated with the Harpe brothers and other outlaws
"Matthew, Jesse",2009-2014,2,"Believed to have raped, murdered, and sexually assaulted multiple women in Virginia from 2002 to 2014"
"Maust, David Edward",1974-2003,5,"Convicted of killing five teenage boys; one in Germany in 1974, another in 1981, and three he buried in his basement"
"Mayrand, Edward",1983-1994,3,Strangled to death three women around New England
"McCarthy, Kimberly",1997-1998,1,Crack addict who murdered a neighbour; suspect in two similar murders
"McDuff, Kenneth",1966-1992,9,"Known as ""The Broomstick Killer""; death sentence for 1966 triple-murder commuted; killed three days after 1989 parole"
"McFadden, Jerry Walter",1973-1986,4,"Known as ""The Animal"""
"McKnight, Anthony",1985,5,Rapist who killed young girls and women in Oakland; responsible for some of the East Bay Slayer murders
"Meirhofer, David",1967-1974,4,First serial killer to be apprehended via usage of offender profiling
"Melanson, Roy",1974-1988,3,Drifter connected to the rape-murders of at least three women in three states
"Metheny, Joe",1976-1996,5,"Raped and murdered women in Baltimore, allegedly cannibalizing his victims"
"Mikhel, Iouri Gherman",2001-2002,5,Murdered five people in California with accomplice Jurijus Kadamovas.
"Miller, Joseph Daniel",1986-1990,5,"Kidnapped, raped and strangled black women around Harrisburg, Pennsylvania"
"Moore, Henry Lee",1911-1912,2,"Suspect in the Villisca axe murders; sentenced to life imprisonment for killing his mother and grandmother with an axe, later commuted and released from prison in 1956"
"Moore, Manuel",1973-1974,15,"Part of ""The Death Angels"" cult responsible for the Zebra murders"
"Morin, Stephen",1969-1981,4,Suspected in over 30 unsolved violent crimes across the country
"Morris, Dontae",2010,5,"Murdered three men in drug-related scandals, as well as two policemen who tried to arrest him; also suspected in the deaths of two other men."
"Mors, Frederick",1914-1915,8,Committed to Hudson River State Hospital; escaped in May 1916
"Moseley, Winston",1963-1964,3,"Necrophile who sexually assaulted and murdered three women, including Kitty Genovese"
"Mosley, Eddie",1973-1987,8,"Raped and murdered numerous young girls and women in and around Fort Lauderdale, Florida"
"Muhammad, John Allen",2002,7,"With accomplice Lee Boyd Malvo, perpetrated the D.C. sniper attacks"
"Mullin, Herbert",1972-1973,11,Eligible for parole in 2021
"Murphy, Donald",1979-1980,2,Murdered between two and at least six prostitutes in Detroit; another man was wrongfully suspected of three murders
"Nance, Wayne",1974-1986,0,"Known as ""The Missoula Mauler"""
"Nardello, Antonio",1884-1885,3,"Italian laborer who robbed and murdered other laborers in Maryland and Washington, D.C."
"Naso, Joseph",1977-1994,6,Suspect in the Alphabet murders
"Neelley, Alvin",1982,2,Committed murders with wife Judith Neelley
"Neelley, Judith",1982,2,Committed murders with husband Alvin Neelley
"Nelson, Earle",1926-1927,22,"Known as ""The Gorilla Man"""
"Newman, Allan Patterson",1991-1992,4,Murdered carjacking victims during a three-state crime spree
"Ng, Charles",1983-1985,11,"Along with accomplice Leonard Lake, they are also known as ""The Operation Miranda Killers"""
"Nixon, Robert",1937-1938,3,"Nixon served, in part, as the basis of the character of Bigger Thomas in Richard Wright's 1940 social protest novel Native Son"
"Noe, Marie",1949-1968,8,Murdered eight of her children; two others died of natural causes
"Norris, Roy",1979,5,"With accomplice Lawrence Bittaker known as ""Tool Box Killers"""
"Northcott, Gordon Stewart",1926-1928,3,"His mother, Sarah Louise Northcott, was implicated as an accomplice"
"Ocampo, Itzcoatl",2011-2012,6,"Former marine suspected of killing six people around Orange County, California"
"O'Dell, Diane",1982-1985,3,Murdered her illegitimate infants
"Pace, Lyndon Fitzgerald",1988-1989,4,"Robbed and murdered elderly women primarily in Atlanta's Vine City neighborhood. In 1990, he robbed the apartment of Coretta Scott King"
"Panzram, Carl",1920-1929,5,"Murderer, rapist, and arsonist; convicted of two murders, but confessed to 19 others"
"Pardo, Manuel",1986,9,Former police officer
"Parker, Gerald",1978-1978,6,"Known as ""The Bedroom Basher"""
"Peete, Louise",1913-1944,3,Convicted of murdering a man and woman decades apart; four other acquaintances died suspiciously and four husbands committed suicide
"Pennell, Steven Brian",1987-1988,2,"Known as ""The Route 40 Killer"""
"Peterson, Christopher",1990,4,"Known as ""The Shotgun Killer"""
"Pierce, William",1970-1971,9,One of his victims was the daughter of a South Carolina state senator
"Piper, Thomas W.",1873-1875,2,"Known as ""The Boston Belfry Murderer"""
"Player, Michael",1986,10,"Known as ""The Skid Row Slayer"""
"Pomeroy, Jesse",1874,2,"Known as ""The Boy Torturer"". 14-year-old Massachusetts boy who killed two younger children. Youngest person in the history of Massachusetts to be convicted of murder"
"Powers, Harry",1931,5,"Known as ""The West Virginia Bluebeard"""
"Presley, Aeman",2014,4,"Shot and killed people in DeKalb and Fulton Counties, Georgia during robberies"
"Price, Craig",1987-1989,4,Convicted as a minor; given an additional 10–25 year sentence for assaulting a corrections officer in prison
"Priest, Martin",1980-1985,2,"Convicted of murdering a young girl and one man in both Missouri and Kansas; acquitted, but still main suspect, in three other deaths"
"Prieto, Alfredo",1988-1990,9,"Attacked mainly couples in Virginia and California, shooting them both after raping the women"
"Prince Jr., Cleophus",1990,6,"Known as ""The Clairemont Killer"""
"Pruett, Marion Albert",1981,5,Committed his crimes while in the United States Federal Witness Protection Program
"Pruitt, Pleasant",1888-1902,3,Murdered his three wives in Indiana
"Puente, Dorothea",1982-1988,9,Convicted of three killings; suspected of six others
"Rader, Dennis",1974-1991,10,"Known as ""The BTK Killer"""
"Ramirez, Richard",1984-1985,14,"Known as ""The Night Stalker"""
"Rasmussen, Terry Peder",1978-2002,6,"Known as ""The Chameleon Killer""; main suspect in the Bear Brook murders, as well as other murders"
"Ray, David Parker",1950s-1999,0,"Convicted of kidnapping and torture in 2001, but never convicted of murder"
"Reed, Todd Alan",1999,3,"Known as ""The Forest Park Killer"""
"Rees, Melvin",1957-1959,5,"Known as ""The Sex Beast"""
"Reeves, Jack",1967-1994,4,Killed his three wives after they planned to leave him; also killed a man while stationed in Italy
"Reid, Paul Dennis",1997,7,"Known as ""The Fast Food Killer"""
"Rembert, Robert",1997-2015,5,Truck driver who killed people across Ohio
"Reséndiz, Ángel Maturino",1986-1999,10,"Known as ""The Railroad/Railway/Railcar Killer"""
"Rhoades, Robert Ben",1975-1990,3,"Known as ""The Truck Stop Killer"""
"Richards, Stephen Dee",1876-1878,9,"Known as ""The Nebraska Fiend"""
"Ridgway, Gary",1982-1998,49,"Known as ""The Green River Killer"""
"Rifkin, Joel",1989-1993,9,Mostly preyed on sex workers in New York City and Long Island
"Rissell, Montie",1976-1977,5,"Raped and murdered women in Alexandria, Virginia"
"Ritchie, James Dale",2016,5,"Known as ""The Anchorage Serial Killer"""
"Rivera, Reinaldo",1999-2000,4,"Abducted, raped and killed women in the Augusta metropolitan area"
"Robinson, Alonzo",1926-1934,2,Grave robber and cannibal convicted of a double murder; also suspected of murdering four women
"Robinson, Harvey Miguel",1992-1993,3,"Teenager who stalked, raped and killed"
"Robinson, John Edward",1984-1999,8,"Sometimes referred to as ""The Internet's first serial killer"""
"Robinson, Sarah Jane",1881-1886,8,"Known as ""The Boston Borgia"""
"Rodriguez, Robert Neal",1984-1992,3,Former police officer
"Rogers, Dayton Leroy",1983-1987,7,"Known as ""The Molalla Forest Killer"""
"Rogers, Glen Edward",1993-1995,4,Death sentence currently under appeal
"Rolling, Danny",1989-1990,8,"Pleaded guilty to murdering five students in Gainesville, Florida"
"Ross, Michael Bruce",1981-1984,8,"Known as ""The Roadside Strangler"""
"Rozier, Robert",1981-1986,4,Former NFL player; sentenced to 22 years for murder after agreeing to testify against Yahweh ben Yahweh's organization
"Rulloff, Edward H.",1844-1870,3,"Known as ""The Genius Killer"""
"Runge, Paul",1995-1997,7,Sexually assaulted and murdered women and one girl in Cook and DuPage counties in Illinois
"Russell, George Waterfield",1990,3,"Known as ""The Charmer""; raped and murdered women in Seatte suburbs, mutilating and having sex with the corpses afterwards"
"Rutterschmidt, Olga",1999-2005,2,"Killed vagrants with her partner-in-crime, Helen Golay"
"Saenz, Kimberly Clark",2008,5,Killed five patients by injecting bleach into their dialysis lines
"Saldivar, Efren",1988-1998,6,Respiratory therapist who murdered his patients at Adventist Health Glendale
"Sanchez, Altemio",1990-2006,3,"Known as ""The Bike Path Rapist""; responsible for three murders and numerous rapes spanning a 25-year period in Buffalo, New York"
"Santo, Anthony",1908,3,"Juvenile who murdered two cousins and a girl during ""mad spells"""
"Schaefer, Gerard John",1969-1973,2,"Imprisoned in 1973 for the murders of two women while he was a sheriff's deputy in Martin County, Florida"
"Schmid, Charles",1964,3,"Known as ""The Pied Piper of Tucson"""
"Schmidt, Helmuth",1913-1917,1,"Known as ""The American Bluebeard"""
"Seda, Heriberto",1990-1993,3,New York City copycat of the Zodiac Killer; selected his victims based on their astrological signs
"Segundo, Juan",1986-1995,4,Raped and killed young girls and women in the Fort Worth area
"Sellers, Sean",1985-1986,3,"One of 22 persons in the United States since the reinstatement of the death penalty in 1976 to be executed for a crime committed while under the age of 18, and the lone to have been executed for crime committed under the age of 17"
"Sells, Tommy Lynn",1980-1999,6,"Confessed to murdering dozens of people, possibly in excess of 70, only six are confirmed"
"Selz, Ralph Jerome Von Braun",1930-1935,1,"Known as ""The Laughing Killer"""
"Severance, Charles",2003-2014,3,Murdered elderly residents in Alexandria out of hatred for the rich
"Shaw, Sebastian",1991-1992,3,"Murdered victims selected at random in Portland, Oregon; confessed to additional murders, including one in California"
"Shawcross, Arthur",1972-1989,12,"Known as ""The Genesee River Killer"""
"Sherman, Lydia",1863-1877,12,"Known as ""The Derby Poisoner"""
"Shermantine, Wesley",1984-1999,4,"Along with accompliace Loren Herzog, known as ""The Speed Freak Killers"""
"Shore, Anthony Allen",1986-1995,4,"Known as ""The Tourniquet Killer"""
"Shulman, Robert",1991-1996,5,Preyed on sex workers in New York
"Siebert, Daniel Lee",1979-1986,10,Killed nine people across America in three months; responsible for at least one of the Southside Slayer murders
"Silveria Jr., Robert Joseph",1981-1996,9,"Known as ""The Boxcar Killer""; alleged member of Freight Train Riders of America"
"Simon, J.C.X.",1973-1974,15,"Part of ""The Death Angels"" cult responsible for the Zebra murders"
"Sinclair, Charles T.",1980-1990,13,"Known as ""The Coin Shop Killer"""
"Smith, Lemuel",1958-1981,5,First convict to kill an on-duty female corrections officer
"Smith, Mark Alan",1969-1970,4,Convicted of killing at least four women in Illinois and Arkansas; claimed in his book to have murdered eight women while stationed in Germany
"Solomon Jr., Morris",1986-1987,6,"Known as ""The Sacramento Slayer"""
"Southard, Lyda",1915-1920,6,"Known as ""Flypaper Lyda""; serial poisoner who killed four husbands, a young daughter and a brother-in-law"
"Sowell, Anthony",2007-2009,11,"Known as ""The Cleveland Strangler"" and ""The Imperial Avenue Murderer"""
"Spencer, Timothy Wilson",1984-1988,5,"Known as ""The Southside Strangler"""
"Spillman, Jack Owen",1994-1995,3,"Known as ""The Werewolf Butcher"""
"Spreitzer, Edward",1981-1982,18,"Member of the satanic cult and organized crime group known as ""The Ripper Crew"" or ""The Chicago Rippers"""
"Stafford, Roger Dale",1974-1978,9,His wife implicated in 34 different murders in seven different states
"Stano, Gerald",1969-1980,22,Guilt has been questioned
"Stayner, Cary",1999,4,Brother of kidnap victim Steven Stayner
"Stephani, Paul Michael",1980-1982,3,"Known as ""The Weepy-Voiced Killer"" due to a series of telephone calls he made to police, anonymously reporting his crimes in a remorseful and high-pitched voice; active in the Minneapolis–Saint Paul area"
"Stickles, Martin",1899-1900,3,"Known as ""The Kelso Killer""; murdered three people during robberies in Cowlitz County, Washington"
"Stokes, Winford",1969-1978,3,Career criminal and prison escapee who murdered people in St. Louis
"Strong, Preston",2005-2007,7,Was sentenced to life in prison for the 2007 murder of a doctor during a home robbery; was later found guilty of the murder of a family of six during a robbery from 2005
"Suff, William",1974-1992,12,"Known as ""The Riverside Prostitute Killer"""
"Sumpter, Michael",1969-1973,3,"Raped and murdered women in the Boston area, including Jane Britton"
"Swango, Michael",1981-1997,4,Physician and surgeon
"Swann, James",1993,4,"Known as ""The Shotgun Stalker"""
"Taborsky, Joseph ""Mad Dog""",1950-1957,7,Only convict to be sentenced to death twice for different crimes
"Tann, Georgia",1924-1950,19,Child trafficker who sold kidnapped children to the black market
"Terry, Charles E.",1951-1963,1,Suspected of committing some of the Boston Strangler murders
"Tholmer, Brandon",1981-1983,12,"Known as ""The West Side Rapist""; preyed on elderly women in Westside, Los Angeles County"
"Thomas Jr., John Floyd",1972-1986,7,"Known as ""The Southland Strangler"" and ""The Westside Rapist"""
"Thompson, William Paul",1983-1984,3,Career criminal who killed people in California and Nevada; confessed to three additional murders in other states
"Tinning, Marybeth",1972-1985,2,New York woman who murdered her children
"Toole, Ottis",1976-1983,6,Accomplice of Henry Lee Lucas; claimed to have murdered Adam Walsh
"Toppan, Jane",1895-1901,12,"Known as ""Jolly Jane""; nurse who poisoned both patients and family members"
"Travis, Maury",2000-2002,2,"Suspected of kidnapping, torturing and killing women at his home in Ferguson, Missouri"
"Turner, Chester",1987-1998,15,Convicted of murdering ten women and a viable unborn baby in South Los Angeles
"Urdiales, Andrew",1986-1996,8,"Murdered woman in Indiana, Illinois and California"
"Valkenburgh, Elizabeth Van",1833-1845,2,Self-confessed poisoner who killed her alcoholic husbands
"Vann, Darren Deon",2013-2014,7,Indiana murderer who killed seven women; five of which were found in abandoned structures in the city of Gary
"Vermilya, Louise",1893-1911,9,Charges dismissed
"Walker, Anthony Guy",1975-1986,6,"Career criminal who murdered mainly across Lenawee County, Michigan"
"Wallace, Henry Louis",1990-1994,11,"Known as ""The Taco Bell Strangler"""
"Walton, Edward",1896-1908,5,Confessed to murdering five people across five states
"Ward, Ronald James",2000,4,"Murdered at least three women and one man in three states, in the span of four months"
"Wardrip, Faryion",1984-1986,5,Death sentence currently under appeal
"Warren, Edward Delon",1976-1979,3,"Murdered a couple in Brookings, Oregon; later linked via DNA to an unsolved murder in Portland"
"Watson, Alexander Wayne",1986-1994,4,"Raped, stabbed and strangled women in two Maryland counties"
"Watts, Carl Eugene",1974-1982,22,"Known as ""The Sunday Morning Slasher"""
"Werner, Karl F.",1969-1971,3,"Murdered teenage girls in Santa Clara County, California"
"White, Nathaniel",1991-1992,6,"Confessed to beating and stabbing six women to death in Hudson Valley, New York while on parole"
"Whiteling, Sarah",1888,3,"Known as ""The Wholesale Poisoner"""
"Whitten, Hattie",1900-1902,3,Maine woman who poisoned her husband and two children
"Wilder, Christopher",1984,8,"Known as ""The Beauty Queen Killer""; Australian man who abducted and murdered women across the USA"
"Williams, Scott",1997-2006,3,"Killed women in Charlotte and Monroe, North Carolina"
"Williams, Wayne",1979-1981,2,Has maintained his innocence from the beginning and conviction is considered controversial
"Williamson, Thomas Andrew",1868-1890,4,"Murdered four people in Illinois and Missouri, including his wife"
"Wimberly, Anthony",1984-1985,3,Murdered three women in Oakland during a crime spree
"Winters, Shirley",1980-2006,2,Arsonist who smothered her children; suspected of killing siblings since childhood
"Wise, Martha",1924-1925,3,Poisoned 17 members of her own family
"Wood, Cathy",1987,5,Eligible for parole since 2005
"Wood, Isaac L.",1855,3,"Poisoned his wife, brother and sister-in-law for monetary purposes"
"Woodfield, Randall",1979-1981,18,"Known as ""The I-5 Killer"" and ""The I-5 Bandit"""
"Wright, Douglas",1969-1991,5,First criminal executed by lethal injection in Oregon
"Wuornos, Aileen",1989-1990,7,"Known as the ""Damsel of Death""; shot seven men to death in Florida between 1989 and 1990"
"Yates, Robert Lee",1975-1998,13,"Targeted women in and around Spokane, Washington"
"Zarinsky, Robert",1958-1974,3,Preyed on teenage girls in New Jersey